{
  "prepare_queue": {
    "installed": [],
    "uninstalled": []
  },
  "config_munge": {
    "files": {
      "config.xml": {
        "parents": {
          "/*": [
            {
              "xml": "<feature name=\"Gyroscope\"><param name=\"ios-package\" value=\"CDVGyroscope\" /></feature>",
              "count": 1
            }
          ]
        }
      }
    }
  },
  "installed_plugins": {
    "cordova-plugin-whitelist": {
      "PACKAGE_NAME": "at.learningspaces.wifi.tetris"
    },
    "cordova-plugin-gyroscope": {
      "PACKAGE_NAME": "at.learningspaces.wifi.tetris"
    }
  },
  "dependent_plugins": {},
  "modules": [
    {
      "id": "cordova-plugin-gyroscope.Orientation",
      "file": "plugins/cordova-plugin-gyroscope/www/Orientation.js",
      "pluginId": "cordova-plugin-gyroscope",
      "clobbers": [
        "Orientation"
      ]
    },
    {
      "id": "cordova-plugin-gyroscope.gyroscope",
      "file": "plugins/cordova-plugin-gyroscope/www/gyroscope.js",
      "pluginId": "cordova-plugin-gyroscope",
      "clobbers": [
        "navigator.gyroscope"
      ]
    }
  ],
  "plugin_metadata": {
    "cordova-plugin-whitelist": "1.3.3",
    "cordova-plugin-gyroscope": "0.1.4"
  }
}